relevance_score,aggressiveness_score,coherence_score,suitableness_score,metric
0.13150892042488077,0.024440088653541702,0.09270763108346686,0.15253190794261304,aggressiveness_UniEval
0.13197264551560495,-0.0344088533447668,0.12700356507941937,0.14749899152473797,coherence_UniEval
0.14290678076281996,-0.04230949229400981,0.13449751221430292,0.1548631611357685,relevance_UniEval
0.14875115458706295,-0.03642321890752848,0.13948675100725275,0.1585927852301767,suitableness_UniEval
