relevance_score,aggressiveness_score,coherence_score,suitableness_score,metric
0.18043838094993284,0.0340823531474764,0.130518108316058,0.2036605037188495,aggressiveness_UniEval
0.18153191574195132,-0.04506632599762113,0.1756224506661466,0.19807047511573708,coherence_UniEval
0.19651691956006714,-0.055376133815081836,0.18565459149158356,0.20801644508589867,relevance_UniEval
0.20448706653636256,-0.047550988221212405,0.193047067415563,0.21246155719917795,suitableness_UniEval
